<?xml version="1.0"?>
<metadata xml:lang="en"><idinfo><native>Microsoft Windows XP Version 5.1 (Build 2600) Service Pack 3; ESRI ArcCatalog 9.3.1.3500</native><descript><abstract>Free Library of Philadelphia locations (branches and Central) are represented as point features.</abstract><purpose>To be used as a reference when conducting physical or cultural studies</purpose></descript><citation><citeinfo><origin>Philadelphia City Planning Commission, Jim Green, ed.</origin><pubdate>February 2005</pubdate><title>GIS_PLANNING.Libraries</title><geoform>vector digital data</geoform><onlink>Service=sde:oracle10g; User=gis_planning; Version=SDE.DEFAULT</onlink><edition>1</edition><pubinfo><pubplace>Philadelphia</pubplace><publish>Philadelphia City Planning Commission</publish></pubinfo></citeinfo></citation><timeperd><current>publication date</current><timeinfo><sngdate><caldate>February 2005</caldate></sngdate></timeinfo></timeperd><status><progress>Complete</progress><update>As needed</update></status><spdom><bounding><westbc>-75.266563</westbc><eastbc>-74.972649</eastbc><northbc>40.113071</northbc><southbc>39.899966</southbc></bounding></spdom><keywords><theme><themekt>Philadelphia City Planning Commission</themekt><themekey>Free Library</themekey><themekey>Libraries</themekey><themekey>Public Library</themekey></theme></keywords><accconst>City of Philadelphia employees and those granted permission</accconst><useconst>None</useconst><ptcontac><cntinfo><cntperp><cntper>Vic Davis</cntper><cntorg>Philadelphia City Planning Commission</cntorg></cntperp><cntvoice>683-4623</cntvoice><cntemail>victor.davis@phila.gov</cntemail><cntfax>215.683.4630</cntfax><hours>8:00am to 5:30pm</hours></cntinfo></ptcontac><crossref><citeinfo><origin>Philadelphia City Planning Commission</origin><pubdate>February 2005</pubdate><title>PLANNING.Libraries_05</title><edition>1</edition><pubinfo><pubplace>Philadelphia</pubplace><publish>Philadelphia City Planning Commission</publish></pubinfo></citeinfo></crossref><secinfo><secsys>No security considerations</secsys><secclass>Unclassified</secclass></secinfo></idinfo><dataIdInfo><envirDesc>Microsoft Windows XP Version 5.1 (Build 2600) Service Pack 3; ESRI ArcCatalog 9.3.1.3500</envirDesc><dataLang><languageCode value="en"/></dataLang><idCitation><resTitle>GIS_PLANNING.Libraries</resTitle><presForm><PresFormCd value="005"/></presForm></idCitation><spatRpType><SpatRepTypCd value="001"/></spatRpType><dataExt><geoEle><GeoBndBox esriExtentType="native"><westBL>2665126.32874</westBL><eastBL>2745255.229659</eastBL><northBL>293873.093832</northBL><southBL>218595.108268</southBL><exTypeCode>1</exTypeCode></GeoBndBox></geoEle></dataExt><geoBox esriExtentType="decdegrees"><westBL>-75.266563</westBL><eastBL>-74.972649</eastBL><northBL>40.113071</northBL><southBL>39.899966</southBL><exTypeCode>1</exTypeCode></geoBox></dataIdInfo><metainfo><metstdn>FGDC Content Standards for Digital Geospatial Metadata</metstdn><metstdv>FGDC-STD-001-1998</metstdv><mettc>local time</mettc><metc><cntinfo><cntorgp><cntper>Jim green</cntper><cntorg>Philadelphia City Planning Commission</cntorg></cntorgp><cntaddr><addrtype>mailing and physical address</addrtype><city>Philadelphia</city><state>Pennsylvania</state><postal>19102</postal><address>1515 Arch Street, 13th Floor</address></cntaddr><cntvoice>683-4614</cntvoice><cntemail>james.green@phila.gov</cntemail><cntpos>GIS Specialist</cntpos><cntfax>215.683.4630</cntfax><hours>8:00am to 5:30pm</hours></cntinfo></metc><metd>20110421</metd></metainfo><mdLang><languageCode value="en"/></mdLang><mdStanName>ISO 19115 Geographic Information - Metadata</mdStanName><mdStanVer>DIS_ESRI1.0</mdStanVer><mdChar><CharSetCd value="004"/></mdChar><mdHrLv><ScopeCd value="005"/></mdHrLv><mdHrLvName>dataset</mdHrLvName><distinfo><resdesc>Downloadable Data</resdesc><distrib><cntinfo><cntperp><cntper>Brian Ivey</cntper><cntorg>MOIS-GIS Services Group</cntorg></cntperp><cntpos>GIS Specialist</cntpos><cntvoice>215.686.8287</cntvoice><cntfax>215.686.8143</cntfax><cntemail>brian.ivey@phila.gov</cntemail><hours>9am to 5pm</hours></cntinfo></distrib><distliab>The City of Philadelphia makes no warranty or representation, express or implied, with respect to the quality, content, accuracy, completeness, currency, freedom from computer virus, or non-infringement of proprietary rights, of any of the design, information, text, graphics, images, pages, interfaces, links, software, or other materials and items contained in this dataset.  All such items and materials are provided on an
"as is" basis, and you are fully and solely responsible for your use of them and for any results or consequences of your use.  They have been compiled from a variety of sources, including sources beyond the control of the City of Philadelphia and, and are subject to change without notice from the City of Philadelphia.  Commercial use is prohibited without the prior written permission of the City of Philadelphia.  In no event shall the City of Philadelphia or their agencies, officers, employees, agents, or representatives, be liable for any direct, indirect, special, punitive,
incidental, exemplary or consequential damages arising your accessing or using this data, or otherwise arising from the data or from anything contained in or displayed in this data.  Nothing contained in or displayed in this data constitutes or is intended to constitute legal advice by the City of Philadelphia or any of their agencies, officers, employees, agents or representatives. These terms and conditions and all disputes arising under these terms and conditions shall be governed, construed and decided in accordance with the laws of the Commonwealth of Pennsylvania. The City of Philadelphia reserves the right to revise and change these terms and conditions at anytime and without any notice.</distliab><stdorder><ordering>NOTE: Use this template as a guide to construct your letter requesting City of Philadelphia GIS data.  The letter must be on your organization's letterhead, signed by an officer of the corporation/organization, and must include all information requested below.  Please pay close attention to items in &lt;bold and underlined&gt; and provide data requested in &lt;brackets&gt;.  You will be asked to resubmit your request if all of the requested information is not included.  In the event that the requestor is a contractor using the requested data as part of a contract with the City of Philadelphia, request shall reference the City department for which the work is being done. Please direct your request to:

City of Philadelphia - MOIS
GIS Services Group
1234 Market St., 15th Floor
Philadelphia, PA  19107
Attn:  Brian Ivey
****************************

&lt;XYZ COMPANY&gt; is requesting a portion of the City of Philadelphia's GIS database &lt;IDENTIFY COVERAGES OR DATA LAYERS REQUESTED&gt; for use in &lt;PROJECT DESCRIPTION&gt; for &lt;DEPARTMENT/AGENCY NAME&gt;.  The target area is bounded by &lt;PROJECT BOUNDARIES&gt;.

&lt;XYZ COMPANY&gt; confirms that it will abide by the following conditions for use of this data.  &lt;XYZ COMPANY&gt; will use this database solely in connection with the project described above.  For the purpose of any data displayed on a public web site, &lt;XYZ COMPANY&gt; will remove any attribution from the data that will possibly identify it as being the City of Philadelphia.  The database will be deleted from any electronic storage media in possession of XYZ COMPANY at the completion of the project and the CD on which it is delivered will be returned to the Mayor's Office of Information Services.  Printed maps or reports of any kind displaying data from this database will be presented only to the participating &lt;NEIGHBORHOODS, CITY AGENCIES, PROJECT COMMITTEES, OTHERWISE APPROPRIATE RECEPIENTS&gt; and only in connection with this project. Display materials generated from this database will not be used on any other project nor for demo or promotional use even if the audience is a City agency unless &lt;XYZ COMPANY&gt; has obtained a prior written agreement from the Mayor's Office of Information Services.

&lt;XYZ Company&gt;will not re-distribute the data in digital format to anyone for any purpose. 

All persons associated with &lt;XYZ COMPANY&gt; with access to this database will be informed that it is the property of the City of Philadelphia and advised of the terms under which &lt;XYZ COMPANY&gt; has agreed to its use.   

This database was specified to be built according to National Map Accuracy Standards for 1:2400 scale maps, but &lt;XYZ COMPANY&gt; acknowledges that the City makes no representation about the accuracy of any specific information &lt;XYZ  COMPANY&gt; has requested.  &lt;XYZ COMPANY&gt; will assume complete responsibility for any and all occurrences resulting from &lt;XYZ COMPANY'S&gt; use or display of this database.

&lt;Signature by Officer of the Corporation/Organization&gt;</ordering></stdorder></distinfo><distInfo><distributor><distorTran><onLineSrc><orDesc>002</orDesc><linkage>file://Service=sde:oracle10g; User=gis_planning; Version=SDE.DEFAULT</linkage><protocol>Local Area Network</protocol></onLineSrc></distorTran><distorFormat><formatName>SDE Feature Class</formatName></distorFormat></distributor></distInfo><spdoinfo><direct>Vector</direct><ptvctinf><sdtsterm><sdtstype>Entity point</sdtstype><ptvctcnt>55</ptvctcnt></sdtsterm></ptvctinf></spdoinfo><spref><horizsys><planar><planci><plance>coordinate pair</plance><plandu>survey feet</plandu><coordrep><absres>0.003281</absres><ordres>0.003281</ordres></coordrep></planci><mapproj><mapprojn>Lambert Conformal Conic</mapprojn><lambertc><stdparll>39.933333</stdparll><stdparll>40.966667</stdparll><longcm>-77.750000</longcm><latprjo>39.333333</latprjo><feast>1968500.000000</feast><fnorth>0.000000</fnorth></lambertc></mapproj></planar><geodetic><horizdn>North American Datum of 1983</horizdn><ellips>Geodetic Reference System 80</ellips><semiaxis>6378137.000000</semiaxis><denflat>298.257222</denflat></geodetic></horizsys><vertdef><altsys><altenc>Explicit elevation coordinate included with horizontal coordinates</altenc><altres>1.000000</altres></altsys></vertdef></spref><refSysInfo><RefSystem><refSysID><identCode>NAD_1983_StatePlane_Pennsylvania_South_FIPS_3702_Feet</identCode></refSysID></RefSystem></refSysInfo><spatRepInfo><VectSpatRep><topLvl><TopoLevCd value="001"/></topLvl><geometObjs><geoObjTyp><GeoObjTypCd value="004"/></geoObjTyp><geoObjCnt>55</geoObjCnt></geometObjs></VectSpatRep></spatRepInfo><eainfo><detailed><enttyp><enttypl>GIS_PLANNING.Libraries</enttypl></enttyp><attr><attrlabl>OBJECTID</attrlabl><attrdef>Internal feature number.</attrdef><attrdefs>ESRI</attrdefs><attrdomv><udom>Sequential unique whole numbers that are automatically generated.</udom></attrdomv></attr><attr><attrlabl>SHAPE</attrlabl><attrdef>Feature geometry.</attrdef><attrdefs>ESRI</attrdefs><attrdomv><udom>Coordinates defining the features.</udom></attrdomv></attr><attr><attrlabl>BRANCH_NAM</attrlabl><attrdef>Library Name</attrdef></attr><attr><attrlabl>TYPE</attrlabl><attrdef>Central, Branch or Special</attrdef><attrdefs>Free Library of Phila, Capital Program Office</attrdefs></attr><attr><attrlabl>ADDRESS</attrlabl><attrdefs>Free Library of Philadelphia</attrdefs><attrdef>Library Address</attrdef></attr><attr><attrlabl>CPO_CODE</attrlabl><attrdef>Five numeric digits.  First two positions occupied by department #;  the final 3 positions represent an individual location.</attrdef><attrdefs>CPO: Capital Program Office</attrdefs></attr></detailed><overview><eaover>Administrative and geographic attributes for Libraries within Philadelphia</eaover></overview></eainfo><mdDateSt>20110421</mdDateSt><dataqual><lineage><procstep><procdesc>Dataset copied.</procdesc><srcused>\\51-JGREEN\E\all_purpose\test_a.mdb</srcused><date>20050308</date><time>10491500</time><proccont><cntinfo><cntperp><cntper>Jim Green</cntper><cntorg>Philadlelphia City Planning Commission</cntorg></cntperp><cntpos>GIS Specialist</cntpos><cntvoice>215.683.4614</cntvoice><cntfax>215.683.4630</cntfax><cntemail>james.green@phila.gov</cntemail><hours>8:00am to 5:30pm</hours></cntinfo></proccont><procdate>February 2005</procdate></procstep><srcinfo><srctime><timeinfo><sngdate><caldate>February 2005</caldate></sngdate></timeinfo><srccurr>publication date</srccurr></srctime></srcinfo><procstep><procdesc>Dataset copied.</procdesc><srcused>Server=mercator; Service=esri_sde; User=planning; Version=SDE.DEFAULT</srcused><date>20050825</date><time>14522000</time></procstep></lineage><attracc><attraccr>The attributes were checked by individual library for accuracy</attraccr></attracc><logic>Polygon topology exists</logic><complete>Includes all identified features within Philadelphia</complete></dataqual></metadata>
